x_m,y_m,w_tr_left_m,w_tr_right_m
-0.442906,0.0338,7.325394,7.325394
-4.865601,0.2259,7.431443,7.431443
-9.65719,0.0937,7.900091,7.900091
-14.503337,0.2115,8.123295,8.123295
-19.888896,0.3307,8.188807,8.188807
-24.760898,0.3648,8.189005,8.189005
-29.632901,0.3988,8.189202,8.189202
-34.504904,0.4328,8.189399,8.189399
-39.366907,0.4694,8.189786,8.189786
-44.238863,0.5096,8.189695,8.189695
-49.110818,0.5499,8.189604,8.189604
-53.994873,0.5874,8.186684,8.186684
-58.866852,0.6241,8.182999,8.182999
-63.738846,0.6586,8.181484,8.181484
-68.655447,0.6834,8.180848,8.180848
-73.527515,0.6993,8.1714,8.1714
-78.842477,0.6461,8.104335,8.104335
-83.706933,0.5291,7.961801,7.961801
-88.57139,0.4121,7.819267,7.819267
-92.957139,0.3922,7.763207,7.763207
-97.828593,0.459,7.739965,7.739965
-102.699996,0.5291,7.713483,7.713483
-107.571398,0.5991,7.687002,7.687002
-112.44675,0.6687,7.660029,7.660029
-117.240193,0.9161,7.452971,7.452971
-122.112132,0.9584,7.451787,7.451787
-127.014072,1.0001,7.449887,7.449887
-131.886048,1.0325,7.438894,7.438894
-136.758025,1.0649,7.427902,7.427902
-141.630001,1.0974,7.41691,7.41691
-146.478873,1.1421,7.404787,7.404787
-151.350577,1.1971,7.38624,7.38624
-156.222282,1.2522,7.367692,7.367692
-161.093986,1.3073,7.349145,7.349145
-165.977942,1.353,7.334349,7.334349
-170.850001,1.3742,7.341547,7.341547
-175.722061,1.3955,7.348744,7.348744
-180.584488,1.4171,7.356349,7.356349
-185.456516,1.4415,7.366735,7.366735
-190.328543,1.466,7.377122,7.377122
-195.20056,1.4934,7.384541,7.384541
-200.072548,1.5294,7.383399,7.383399
-204.955746,1.5641,7.380949,7.380949
-209.827753,1.5964,7.37611,7.37611
-214.699761,1.6287,7.371272,7.371272
-219.571768,1.6609,7.366434,7.366434
-224.443776,1.6932,7.361595,7.361595
-229.283425,1.7275,7.369088,7.369088
-234.155358,1.7604,7.384973,7.384973
-239.02729,1.7934,7.400859,7.400859
-243.899223,1.8263,7.416745,7.416745
-248.682213,1.9109,7.421175,7.421175
-253.538032,2.1835,7.253572,7.253572
-257.939622,2.6781,6.98014,6.98014
-262.73406,3.366,6.677495,6.677495
-267.079705,4.1723,6.490415,6.490415
-271.865282,5.0422,6.32832,6.32832
-276.231256,5.9044,6.256269,6.256269
-280.99541,6.9242,6.268075,6.268075
-285.7594,7.9447,6.279072,6.279072
-290.523082,8.9668,6.288553,6.288553
-295.254914,9.9907,6.306638,6.306638
-300.01598,11.0244,6.327993,6.327993
-304.777047,12.058,6.349347,6.349347
-309.536098,13.1013,6.360849,6.360849
-314.292975,14.1478,6.36913,6.36913
-319.051209,15.1949,6.377816,6.377816
-323.809442,16.2421,6.386502,6.386502
-328.567676,17.2893,6.395189,6.395189
-333.328199,18.3254,6.415137,6.415137
-338.047062,19.3551,6.447557,6.447557
-342.804863,20.402,6.488156,6.488156
-347.562663,21.4489,6.528755,6.528755
-352.320464,22.4958,6.569355,6.569355
-357.12023,23.5449,6.602934,6.602934
-361.879761,24.5857,6.619296,6.619296
-366.637114,25.6369,6.625008,6.625008
-371.394467,26.6882,6.63072,6.63072
-376.136515,27.7386,6.639058,6.639058
-380.892641,28.7953,6.65031,6.65031
-385.649355,29.849,6.664508,6.664508
-390.426673,30.8823,6.701653,6.701653
-395.188506,31.9118,6.728901,6.728901
-399.946182,32.9616,6.735502,6.735502
-404.703859,34.0113,6.742103,6.742103
-409.442037,35.0612,6.753111,6.753111
-414.198191,36.1176,6.766566,6.766566
-418.954344,37.174,6.780021,6.780021
-423.711093,38.2275,6.796465,6.796465
-428.471992,39.2606,6.833739,6.833739
-433.263202,40.2916,6.862433,6.862433
-438.026482,41.3147,6.889369,6.889369
-442.789761,42.3377,6.916306,6.916306
-447.553041,43.3607,6.943242,6.943242
-452.425913,44.3934,6.957035,6.957035
-457.19798,45.3756,6.949282,6.949282
-462.347538,46.3692,6.887199,6.887199
-467.138514,47.2212,6.747832,6.747832
-472.14855,48.0821,6.598648,6.598648
-476.971051,48.7483,6.487123,6.487123
-481.793552,49.4144,6.375598,6.375598
-486.616053,50.0805,6.264072,6.264072
-491.54279,50.7225,6.117475,6.117475
-496.367381,51.3486,5.965868,5.965868
-501.191972,51.9746,5.814261,5.814261
-506.044767,52.5287,5.726304,5.726304
-510.887657,53.0514,5.666396,5.666396
-515.730547,53.5741,5.606487,5.606487
-520.573437,54.0968,5.546578,5.546578
-525.345686,54.641,5.51526,5.51526
-530.186076,55.1938,5.485501,5.485501
-535.307491,55.7142,5.460573,5.460573
-540.172981,55.9642,5.487101,5.487101
-545.03847,56.2141,5.513629,5.513629
-549.90396,56.4641,5.540157,5.540157
-555.032965,56.6882,5.532179,5.532179
-559.900799,56.823,5.443478,5.443478
-564.769289,56.912,5.40047,5.40047
-569.639498,56.8813,5.477247,5.477247
-574.509708,56.8506,5.554025,5.554025
-579.782281,56.708,5.529704,5.529704
-584.646896,56.5006,5.429584,5.429584
-589.511511,56.2932,5.329464,5.329464
-594.375965,56.0649,5.250217,5.250217
-599.431242,55.7394,5.17806,5.17806
-604.284869,55.3761,5.051733,5.051733
-609.138496,55.0128,4.925407,4.925407
-613.951782,54.5859,4.874359,4.874359
-618.805005,54.1594,4.849911,4.849911
-623.658068,53.7306,4.827734,4.827734
-628.511132,53.3018,4.805557,4.805557
-633.364196,52.873,4.783379,4.783379
-638.235957,52.4406,4.759389,4.759389
-643.086821,51.989,4.740701,4.740701
-647.934786,51.505,4.75454,4.75454
-652.78275,51.0211,4.768379,4.768379
-657.630714,50.5371,4.782218,4.782218
-662.478679,50.0531,4.796058,4.796058
-667.337723,49.5622,4.804115,4.804115
-672.185134,49.0723,4.812025,4.812025
-677.032543,48.5824,4.819956,4.819956
-681.879951,48.0925,4.8279,4.8279
-686.743957,47.5932,4.828188,4.828188
-691.590491,47.0946,4.82733,4.82733
-696.437025,46.5959,4.826472,4.826472
-701.283559,46.0972,4.825614,4.825614
-706.130042,45.598,4.825247,4.825247
-710.960088,45.1044,4.837184,4.837184
-715.806961,44.6095,4.849574,4.849574
-720.653834,44.1146,4.861963,4.861963
-725.500707,43.6197,4.874353,4.874353
-730.34758,43.1248,4.886742,4.886742
-735.186151,42.6353,4.901546,4.901546
-740.033931,42.1493,4.913696,4.913696
-744.881711,41.6633,4.925845,4.925845
-749.72949,41.1774,4.937995,4.937995
-754.57727,40.6914,4.950145,4.950145
-759.460084,40.1981,4.958515,4.958515
-764.306125,39.6948,4.953184,4.953184
-769.146502,39.145,4.994575,4.994575
-773.98625,38.5901,5.041149,5.041149
-778.825999,38.0352,5.087722,5.087722
-783.665747,37.4804,5.134296,5.134296
-788.826503,36.8122,5.122392,5.122392
-793.627806,35.9846,5.128914,5.128914
-798.429109,35.157,5.135435,5.135435
-803.134356,34.2941,5.224175,5.224175
-807.895244,33.3333,5.446492,5.446492
-812.656295,32.3729,5.668302,5.668302
-817.872348,31.1428,5.658246,5.658246
-822.609106,30.0027,5.642859,5.642859
-827.345864,28.8625,5.627472,5.627472
-832.079947,27.7113,5.623474,5.623474
-836.825383,26.5405,5.631032,5.631032
-841.554601,25.3691,5.634188,5.634188
-846.28382,24.1978,5.637344,5.637344
-851.014964,23.0345,5.632215,5.632215
-855.703346,21.9095,5.621306,5.621306
-860.443564,20.7835,5.621645,5.621645
-865.183782,19.6575,5.621984,5.621984
-869.924,18.5315,5.622323,5.622323
-875.121407,17.0529,5.410897,5.410897
-879.780161,15.673,5.203942,5.203942
-884.08948,14.4714,5.083241,5.083241
-888.808515,13.2599,5.071081,5.071081
-893.962253,11.8576,5.005449,5.005449
-898.820567,9.4912,5.338704,5.338704
-903.82435,6.4041,5.336586,5.336586
-907.910144,2.3021,5.435437,5.435437
-911.390051,-3.2421,5.622678,5.622678
-913.611169,-8.35,5.405859,5.405859
-914.96727,-13.297,5.198049,5.198049
-915.993767,-18.0587,5.140276,5.140276
-917.020263,-22.8204,5.082504,5.082504
-917.805494,-25.8051,5.464772,5.464772
-919.535866,-32.0554,5.612484,5.612484
-920.589755,-36.8101,5.693212,5.693212
-921.710339,-41.1438,5.624253,5.624253
-923.331554,-45.2842,5.628911,5.628911
-925.010648,-48.8857,5.46757,5.46757
-927.495631,-52.5821,5.551805,5.551805
-930.186964,-56.1658,5.431555,5.431555
-933.130577,-58.9824,5.472212,5.472212
-936.53253,-61.8797,5.415848,5.415848
-940.452937,-64.7571,5.244237,5.244237
-943.714376,-66.7062,5.121906,5.121906
-948.079583,-68.8699,5.102136,5.102136
-952.438348,-71.0466,5.096924,5.096924
-956.792322,-73.233,5.102537,5.102537
-961.084877,-75.3826,5.114101,5.114101
-965.453586,-77.5383,5.153733,5.153733
-969.822295,-79.694,5.193365,5.193365
-974.194589,-81.8426,5.224973,5.224973
-978.584744,-83.9554,5.2166,5.2166
-983.012727,-86.0901,5.20517,5.20517
-987.39379,-88.2211,5.176401,5.176401
-991.774853,-90.3522,5.147632,5.147632
-996.155916,-92.4832,5.118863,5.118863
-1000.525963,-94.6373,5.115596,5.115596
-1004.867083,-96.766,5.12803,5.12803
-1009.243612,-98.9067,5.145262,5.145262
-1013.620141,-101.0474,5.162493,5.162493
-1018.005835,-103.1695,5.158931,5.158931
-1022.530161,-105.3978,5.12018,5.12018
-1026.862346,-107.6092,5.057812,5.057812
-1031.294246,-110.6939,5.514135,5.514135
-1035.310855,-113.4513,5.535176,5.535176
-1039.580376,-116.7176,5.441133,5.441133
-1043.401093,-120.487,5.581705,5.581705
-1046.927524,-124.8812,5.589486,5.589486
-1050.119756,-129.4328,5.443863,5.443863
-1052.71482,-133.5365,5.252609,5.252609
-1055.369667,-138.3394,5.058426,5.058426
-1057.309943,-142.7968,5.018554,5.018554
-1059.182715,-147.2941,5.056423,5.056423
-1060.460776,-150.394,5.315859,5.315859
-1063.387106,-156.1829,5.607958,5.607958
-1065.210333,-160.7009,5.627858,5.627858
-1067.03356,-165.2189,5.647757,5.647757
-1068.864152,-169.7693,5.662304,5.662304
-1070.674318,-174.2927,5.668081,5.668081
-1072.481798,-178.8171,5.676745,5.676745
-1074.28903,-183.3416,5.685675,5.685675
-1076.095107,-187.8341,5.705539,5.705539
-1077.914233,-192.3538,5.727334,5.727334
-1079.737602,-196.8717,5.744572,5.744572
-1081.562783,-201.5032,5.714749,5.714749
-1083.402732,-206.4132,5.611667,5.611667
-1085.032816,-210.9924,5.419253,5.419253
-1086.45482,-215.2504,5.125002,5.125002
-1088.267612,-219.7723,5.090473,5.090473
-1090.073065,-224.2017,5.083698,5.083698
-1091.925404,-228.708,5.091713,5.091713
-1093.810312,-233.3159,5.1033,5.1033
-1095.59761,-237.8482,5.079666,5.079666
-1097.384907,-242.3805,5.056033,5.056033
-1099.150011,-246.8485,5.03543,5.03543
-1100.967867,-251.3688,5.044632,5.044632
-1102.785519,-255.8891,5.054052,5.054052
-1104.603088,-260.4095,5.063562,5.063562
-1106.422035,-264.8915,5.088859,5.088859
-1108.256078,-269.405,5.114102,5.114102
-1110.112143,-274.0064,5.118983,5.118983
-1111.910387,-278.5344,5.097611,5.097611
-1113.708632,-283.0623,5.076239,5.076239
-1115.512385,-287.5555,5.053953,5.053953
-1117.337293,-292.0728,5.032917,5.032917
-1119.149601,-296.5581,5.012152,5.012152
-1120.990044,-301.0693,5.007829,5.007829
-1122.813682,-305.587,5.021577,5.021577
-1124.623731,-310.1102,5.049936,5.049936
-1126.443782,-314.6759,5.071702,5.071702
-1128.235157,-319.2067,5.078759,5.078759
-1130.043071,-323.7309,5.068012,5.068012
-1131.850986,-328.2552,5.057265,5.057265
-1133.658424,-332.7581,5.053965,5.053965
-1135.475276,-337.2788,5.052831,5.052831
-1137.292247,-341.7995,5.05157,5.05157
-1139.109385,-346.32,5.050127,5.050127
-1140.926871,-350.8558,5.043361,5.043361
-1142.737619,-355.3789,5.035042,5.035042
-1144.549524,-359.9016,5.025472,5.025472
-1146.368638,-364.4212,5.00811,5.00811
-1148.184516,-368.9236,4.994179,4.994179
-1150.011474,-373.4402,4.985247,4.985247
-1151.825626,-377.9617,4.990041,4.990041
-1153.604034,-382.4971,5.033148,5.033148
-1155.367656,-386.9842,5.080786,5.080786
-1157.194459,-391.4999,5.119845,5.119845
-1159.057109,-396.0019,5.120552,5.120552
-1160.919758,-400.5039,5.121258,5.121258
-1162.768403,-405.0113,5.136988,5.136988
-1164.373729,-408.9678,5.245019,5.245019
-1166.449789,-413.3423,5.555928,5.555928
-1168.65767,-418.348,5.691247,5.691247
-1170.515081,-422.8516,5.731223,5.731223
-1172.37243,-427.4918,5.719422,5.719422
-1174.171354,-432.0197,5.71553,5.71553
-1175.968915,-436.548,5.713106,5.713106
-1177.756968,-441.0179,5.723703,5.723703
-1179.57736,-445.537,5.745928,5.745928
-1181.402579,-450.0542,5.762963,5.762963
-1183.24007,-454.5665,5.7668,5.7668
-1185.076236,-459.0709,5.772435,5.772435
-1186.91681,-463.5819,5.779605,5.779605
-1188.784558,-468.205,5.778276,5.778276
-1190.568731,-472.7384,5.750039,5.750039
-1192.352905,-477.2718,5.721802,5.721802
-1194.184214,-482.2972,5.580342,5.580342
-1195.760378,-486.7893,5.365093,5.365093
-1197.348891,-491.2484,5.174262,5.174262
-1199.054283,-495.5075,5.167665,5.167665
-1200.865425,-500.0305,5.168885,5.168885
-1202.676567,-504.5535,5.170104,5.170104
-1204.403059,-509.1066,5.261127,5.261127
-1205.875305,-514.0781,5.416208,5.416208
-1207.178331,-519.9303,5.49788,5.49788
-1207.863537,-524.7394,5.336884,5.336884
-1207.88019,-530.5204,5.293454,5.293454
-1207.406612,-535.3579,5.454044,5.454044
-1206.165193,-541.0324,5.492005,5.492005
-1205.423053,-545.767,5.097866,5.097866
-1204.276638,-550.6086,5.06378,5.06378
-1202.999697,-555.3104,5.075825,5.075825
-1201.736542,-560.0159,5.073591,5.073591
-1200.482381,-564.7238,5.062045,5.062045
-1199.228909,-569.4318,5.049787,5.049787
-1197.982312,-574.1417,5.030434,5.030434
-1196.735715,-578.8515,5.011081,5.011081
-1195.498614,-583.5636,4.981955,4.981955
-1194.392785,-588.012,5.006282,5.006282
-1193.299145,-592.7563,5.11108,5.11108
-1192.490113,-596.6348,5.236258,5.236258
-1192.206221,-601.486,5.370381,5.370381
-1192.440006,-605.4292,5.536041,5.536041
-1193.09331,-609.1821,5.506994,5.506994
-1194.735171,-613.4444,5.577603,5.577603
-1196.419289,-616.7251,5.37409,5.37409
-1199.918241,-622.0867,5.528579,5.528579
-1201.538921,-623.9038,5.072118,5.072118
-1204.341731,-627.0351,5.635321,5.635321
-1208.073839,-630.1669,5.62434,5.62434
-1211.805948,-633.2988,5.613358,5.613358
-1215.534526,-636.4349,5.607888,5.607888
-1219.252866,-639.559,5.612886,5.612886
-1222.983264,-642.6929,5.618116,5.618116
-1226.713525,-645.8271,5.62356,5.62356
-1230.4423,-648.9629,5.6313,5.6313
-1234.171076,-652.0988,5.63904,5.63904
-1237.899851,-655.2346,5.646781,5.646781
-1241.638478,-658.3586,5.639087,5.639087
-1245.399264,-661.487,5.61595,5.61595
-1249.140688,-664.6073,5.58646,5.58646
-1252.882113,-667.7277,5.556971,5.556971
-1256.623537,-670.8481,5.527481,5.527481
-1260.421708,-673.8869,5.399105,5.399105
-1264.259452,-676.869,5.201772,5.201772
-1268.137297,-679.7653,4.913056,4.913056
-1271.88222,-682.8795,4.876392,4.876392
-1275.605311,-686.0221,4.871019,4.871019
-1279.328402,-689.1648,4.865647,4.865647
-1283.051493,-692.3074,4.860274,4.860274
-1286.784193,-695.4384,4.839829,4.839829
-1290.517436,-698.5687,4.818531,4.818531
-1294.25068,-701.6991,4.797233,4.797233
-1297.980799,-704.8332,4.780859,4.780859
-1301.70991,-707.9686,4.766073,4.766073
-1305.426898,-711.0773,4.763956,4.763956
-1309.164779,-714.2023,4.76274,4.76274
-1312.904113,-717.3256,4.759251,4.759251
-1316.644131,-720.448,4.754693,4.754693
-1320.38415,-723.5705,4.750136,4.750136
-1324.124168,-726.693,4.745578,4.745578
-1327.864187,-729.8154,4.74102,4.74102
-1331.602526,-732.9399,4.739083,4.739083
-1335.35285,-736.089,4.733437,4.733437
-1339.080524,-739.2261,4.72235,4.72235
-1342.806909,-742.3648,4.713272,4.713272
-1346.529431,-745.5081,4.71022,4.71022
-1350.251952,-748.6514,4.707168,4.707168
-1353.974474,-751.7947,4.704115,4.704115
-1357.692435,-754.9432,4.707991,4.707991
-1361.384585,-758.1213,4.751083,4.751083
-1365.076735,-761.2994,4.794175,4.794175
-1368.71843,-764.5268,4.907583,4.907583
-1372.378681,-767.926,5.048639,5.048639
-1375.896811,-771.281,5.212403,5.212403
-1379.300875,-774.7259,5.519198,5.519198
-1383.202825,-778.8215,5.802675,5.802675
-1386.200977,-782.6492,5.982789,5.982789
-1389.371735,-787.4273,6.072687,6.072687
-1391.952328,-793.4487,6.262783,6.262783
-1393.12628,-799.252,6.231475,6.231475
-1393.357828,-805.368,6.182527,6.182527
-1392.480274,-811.0833,6.148911,6.148911
-1390.769217,-816.6204,5.99131,5.99131
-1387.777275,-821.9699,5.95673,5.95673
-1383.971892,-826.623,5.933991,5.933991
-1380.416678,-829.9144,6.007877,6.007877
-1374.648636,-833.691,6.045204,6.045204
-1369.209624,-835.8389,5.84676,5.84676
-1363.502686,-836.9817,5.642304,5.642304
-1357.814035,-837.1698,5.305602,5.305602
-1353.584054,-837.16,5.062871,5.062871
-1347.782845,-837.2377,5.334028,5.334028
-1342.94831,-836.6342,5.31969,5.31969
-1338.113775,-836.0307,5.305351,5.305351
-1333.27924,-835.4271,5.291012,5.291012
-1328.445953,-834.814,5.286359,5.286359
-1323.615759,-834.1771,5.305713,5.305713
-1318.785565,-833.5402,5.325068,5.325068
-1313.962652,-832.9049,5.345137,5.345137
-1309.13206,-832.2714,5.367878,5.367878
-1304.301449,-831.6379,5.390491,5.390491
-1299.470459,-831.0071,5.410444,5.410444
-1294.639469,-830.3763,5.430397,5.430397
-1289.808479,-829.7455,5.45035,5.45035
-1284.977488,-829.1147,5.470303,5.470303
-1279.837327,-827.8266,4.892373,4.892373
-1275.391153,-827.2516,4.889467,4.889467
-1270.557711,-826.6389,4.890826,4.890826
-1265.724269,-826.0261,4.892185,4.892185
-1260.890827,-825.4134,4.893544,4.893544
-1256.057386,-824.8007,4.894903,4.894903
-1251.182487,-824.1564,4.886158,4.886158
-1246.353253,-823.5117,4.87481,4.87481
-1241.524018,-822.8669,4.863462,4.863462
-1236.694784,-822.2222,4.852114,4.852114
-1231.865549,-821.5775,4.840766,4.840766
-1227.061333,-820.9453,4.832903,4.832903
-1222.229786,-820.3178,4.830794,4.830794
-1217.398239,-819.6904,4.828685,4.828685
-1212.566692,-819.0629,4.826575,4.826575
-1207.735145,-818.4354,4.824466,4.824466
-1202.904162,-817.8037,4.826691,4.826691
-1198.082646,-817.1714,4.831639,4.831639
-1193.251364,-816.5421,4.840794,4.840794
-1188.420082,-815.9127,4.849949,4.849949
-1183.588801,-815.2834,4.859103,4.859103
-1178.756613,-814.661,4.861331,4.861331
-1173.924053,-814.0414,4.86071,4.86071
-1169.091493,-813.4217,4.86009,4.86009
-1164.262511,-812.6356,5.00294,5.00294
-1159.481061,-811.7758,5.215889,5.215889
-1154.68578,-810.9801,5.363504,5.363504
-1149.85469,-810.3502,5.341949,5.341949
-1145.023599,-809.7204,5.320394,5.320394
-1140.192509,-809.0905,5.298839,5.298839
-1135.37927,-808.463,5.277315,5.277315
-1130.5696,-807.8507,5.279394,5.279394
-1125.736792,-807.2331,5.283933,5.283933
-1120.903985,-806.6155,5.288472,5.288472
-1116.071177,-805.9978,5.293011,5.293011
-1111.238458,-805.3795,5.298228,5.298228
-1106.405839,-804.7604,5.30422,5.30422
-1101.573221,-804.1414,5.310212,5.310212
-1096.746034,-803.5226,5.319898,5.319898
-1091.916047,-802.8853,5.349281,5.349281
-1087.08606,-802.2479,5.378663,5.378663
-1082.245422,-801.7872,5.231427,5.231427
-1077.40235,-801.367,5.043826,5.043826
-1072.640639,-800.974,4.911777,4.911777
-1067.798476,-800.4352,4.927013,4.927013
-1062.956313,-799.8964,4.942249,4.942249
-1058.11415,-799.3576,4.957485,4.957485
-1053.269976,-798.8421,4.949247,4.949247
-1048.420624,-798.3869,4.880554,4.880554
-1043.571271,-797.9318,4.811862,4.811862
-1039.018194,-797.6006,4.844437,4.844437
-1034.15391,-797.3463,4.884106,4.884106
-1029.286641,-797.1289,4.886684,4.886684
-1024.419372,-796.9116,4.889262,4.889262
-1019.552103,-796.6942,4.89184,4.89184
-1015.069238,-796.6795,4.889599,4.889599
-1010.199507,-796.8271,4.912083,4.912083
-1005.329777,-796.9746,4.934566,4.934566
-1000.460046,-797.1222,4.95705,4.95705
-995.592831,-797.3233,4.925925,4.925925
-990.726585,-797.5451,4.874148,4.874148
-986.110925,-797.7666,4.837396,4.837396
-981.258648,-798.2001,4.825669,4.825669
-976.407257,-798.647,4.800587,4.800587
-971.555866,-799.0939,4.775506,4.775506
-966.70553,-799.5471,4.743992,4.743992
-962.277129,-800.0973,4.598323,4.598323
-957.471197,-800.8931,4.647316,4.647316
-952.665264,-801.689,4.696309,4.696309
-947.862464,-802.5041,4.725747,4.725747
-943.06704,-803.3648,4.70914,4.70914
-938.271615,-804.2254,4.692533,4.692533
-933.529985,-805.0886,4.688139,4.688139
-928.740959,-805.9844,4.690325,4.690325
-923.953392,-806.8881,4.6845,4.6845
-919.165826,-807.7918,4.678675,4.678675
-914.37826,-808.6955,4.672851,4.672851
-909.588427,-809.5871,4.679398,4.679398
-904.798228,-810.4767,4.687946,4.687946
-900.013829,-811.3679,4.699182,4.699182
-895.224765,-812.2634,4.707248,4.707248
-890.43909,-813.177,4.696996,4.696996
-885.653415,-814.0905,4.686744,4.686744
-880.867739,-815.0041,4.676491,4.676491
-876.093204,-815.9173,4.668213,4.668213
-871.305172,-816.8182,4.682265,4.682265
-866.517139,-817.7192,4.696317,4.696317
-861.729106,-818.6201,4.710369,4.710369
-856.941061,-819.521,4.724487,4.724487
-852.140699,-820.4226,4.73748,4.73748
-847.351409,-821.317,4.745561,4.745561
-842.562119,-822.2115,4.753642,4.753642
-837.77227,-823.1024,4.765373,4.765373
-832.973301,-823.9344,4.836631,4.836631
-828.174331,-824.7664,4.907888,4.907888
-823.29667,-825.5921,4.958975,4.958975
-818.484183,-826.3357,5.044848,5.044848
-813.114198,-827.046,5.197501,5.197501
-808.255462,-827.1524,5.396617,5.396617
-802.839231,-826.8703,5.569988,5.569988
-797.266234,-825.7989,5.687086,5.687086
-791.770289,-823.9636,5.722134,5.722134
-786.486774,-821.5166,6.010895,6.010895
-782.313946,-819.0215,6.113206,6.113206
-777.548028,-815.7652,6.179185,6.179185
-773.301558,-812.0006,6.147491,6.147491
-769.653029,-808.0819,6.200857,6.200857
-766.237131,-803.8416,6.025758,6.025758
-763.298797,-799.135,5.963141,5.963141
-760.849677,-794.9404,5.743798,5.743798
-758.710349,-791.0932,5.679135,5.679135
-756.256458,-786.8952,5.854799,5.854799
-753.589303,-781.8645,5.822346,5.822346
-751.484914,-777.4755,5.711165,5.711165
-749.415033,-773.0667,5.639608,5.639608
-747.355723,-768.744,5.594463,5.594463
-745.259058,-764.3463,5.565983,5.565983
-743.163825,-759.948,5.539104,5.539104
-741.052454,-755.506,5.508452,5.508452
-739.000857,-751.087,5.48877,5.48877
-736.952855,-746.6663,5.473093,5.473093
-734.893369,-742.1906,5.445135,5.445135
-732.914269,-737.7386,5.456038,5.456038
-730.937894,-733.2854,5.469941,5.469941
-728.758983,-728.0994,5.421888,5.421888
-727.164161,-723.5219,5.161244,5.161244
-725.86438,-718.8929,4.890848,4.890848
-724.3721,-714.2574,4.803212,4.803212
-722.976387,-709.5911,4.816938,4.816938
-721.575556,-704.6605,4.837088,4.837088
-720.337344,-699.9503,4.758552,4.758552
-719.24038,-694.9004,4.789835,4.789835
-718.321352,-690.1166,4.736195,4.736195
-717.482808,-685.0117,4.776514,4.776514
-716.93546,-680.1704,4.785923,4.785923
-716.388113,-675.3292,4.795332,4.795332
-716.017476,-670.1738,4.78087,4.78087
-715.795398,-665.3071,4.811855,4.811855
-715.606692,-660.1694,4.819751,4.819751
-715.624799,-655.3028,4.818917,4.818917
-715.864711,-650.2779,4.877814,4.877814
-716.225611,-645.2505,4.942299,4.942299
-716.724822,-640.1944,4.977363,4.977363
-717.41122,-635.1513,5.023932,5.023932
-718.144953,-630.3351,4.992875,4.992875
-719.029766,-625.3309,5.003928,5.003928
-720.017996,-620.5602,5.024716,5.024716
-721.006225,-615.7895,5.045504,5.045504
-721.994455,-611.0188,5.066292,5.066292
-723.027987,-606.1739,5.059514,5.059514
-724.064554,-601.4133,5.050945,5.050945
-725.101122,-596.6528,5.042376,5.042376
-726.137689,-591.8922,5.033807,5.033807
-727.180592,-587.1192,5.021745,5.021745
-728.223567,-582.3601,5.006607,5.006607
-729.267433,-577.6012,4.99238,4.99238
-730.316819,-572.8434,4.983795,4.983795
-731.352339,-568.119,4.98163,4.98163
-732.604556,-563.4359,5.221813,5.221813
-733.808429,-558.7356,5.411137,5.411137
-734.838678,-553.9737,5.417751,5.417751
-735.868927,-549.2118,5.424364,5.424364
-736.913862,-544.4112,5.424884,5.424884
-737.958534,-539.6525,5.409611,5.409611
-738.996237,-534.8923,5.387219,5.387219
-740.033939,-530.1322,5.364828,5.364828
-741.059719,-525.3697,5.330292,5.330292
-742.046392,-520.6519,5.31018,5.31018
-743.041918,-515.8827,5.29237,5.29237
-744.011375,-511.1089,5.248111,5.248111
-744.955535,-506.3307,5.178186,5.178186
-745.934795,-501.529,5.132286,5.132286
-746.937401,-496.7616,5.094075,5.094075
-747.940007,-491.9942,5.055864,5.055864
-748.942613,-487.2268,5.017653,5.017653
-749.953425,-482.4611,4.98782,4.98782
-750.993418,-477.7191,5.001466,5.001466
-752.033681,-472.9594,5.018581,5.018581
-753.073945,-468.1997,5.035696,5.035696
-754.114209,-463.4401,5.052811,5.052811
-755.112891,-458.6724,5.027589,5.027589
-755.903267,-454.2345,5.062367,5.062367
-756.469802,-449.7954,5.021432,5.021432
-756.338141,-445.6954,4.972069,4.972069
-755.671371,-441.1644,4.968451,4.968451
-754.755254,-437.4206,4.968372,4.968372
-753.245534,-433.5236,4.941022,4.941022
-751.015042,-429.2908,5.040532,5.040532
-748.820932,-425.2763,5.128285,5.128285
-746.507525,-421.0266,5.443382,5.443382
-743.999858,-416.8707,5.544221,5.544221
-741.368692,-412.7705,5.510845,5.510845
-738.753195,-408.7377,5.500597,5.500597
-736.10376,-404.649,5.503526,5.503526
-733.460954,-400.556,5.514343,5.514343
-730.799937,-396.4209,5.517748,5.517748
-728.173898,-392.3171,5.508625,5.508625
-725.54786,-388.2133,5.499502,5.499502
-722.921335,-384.1098,5.4898,5.4898
-720.289625,-380.0097,5.473909,5.473909
-717.657916,-375.9096,5.458018,5.458018
-715.040065,-371.8731,5.464998,5.464998
-712.385441,-367.7878,5.476362,5.476362
-709.730816,-363.7024,5.487725,5.487725
-706.999561,-359.771,5.391095,5.391095
-704.121301,-356.2204,4.975876,4.975876
-702.481149,-354.2046,5.488107,5.488107
-698.026131,-350.8423,5.761618,5.761618
-695.209171,-349.3212,5.738796,5.738796
-691.36145,-348.016,5.653025,5.653025
-687.612572,-347.7713,5.676391,5.676391
-684.363944,-348.0629,5.50223,5.50223
-679.507181,-348.6366,5.295616,5.295616
-675.780387,-350.0348,5.440316,5.440316
-671.271358,-351.935,5.491365,5.491365
-666.808696,-353.8537,5.504824,5.504824
-662.340353,-355.7958,5.509514,5.509514
-657.877387,-357.7496,5.501243,5.501243
-653.429889,-359.7373,5.455687,5.455687
-648.958674,-361.6633,5.4762,5.4762
-644.434169,-363.4382,5.656541,5.656541
-639.36254,-365.1344,5.906199,5.906199
-634.112745,-366.4922,6.032249,6.032249
-628.543324,-367.3879,5.882115,5.882115
-623.127291,-367.9511,5.635588,5.635588
-618.285532,-368.2162,5.361935,5.361935
-613.443774,-368.4813,5.088281,5.088281
-608.582806,-368.6114,4.949624,4.949624
-603.710773,-368.5907,4.961713,4.961713
-598.802483,-368.5637,4.967677,4.967677
-593.930524,-368.5252,4.961981,4.961981
-589.50218,-368.5032,4.988512,4.988512
-584.647893,-368.6719,5.208325,5.208325
-579.793779,-368.8388,5.429905,5.429905
-574.46029,-368.8683,5.496045,5.496045
-569.588393,-368.829,5.510753,5.510753
-564.716497,-368.7898,5.525461,5.525461
-559.8446,-368.7505,5.540169,5.540169
-554.938564,-368.6986,5.542566,5.542566
-550.066745,-368.6443,5.542242,5.542242
-545.1949,-368.5926,5.539323,5.539323
-540.323054,-368.5411,5.536258,5.536258
-535.477269,-368.4967,5.540148,5.540148
-530.605334,-368.4566,5.548577,5.548577
-525.733399,-368.4166,5.557006,5.557006
-520.861382,-368.3867,5.555241,5.555241
-515.497472,-368.1887,5.405377,5.405377
-510.647549,-367.9406,5.178614,5.178614
-506.213642,-367.7606,5.00377,5.00377
-501.341854,-367.7113,4.987131,4.987131
-496.470066,-367.6621,4.970493,4.970493
-491.598279,-367.6129,4.953808,4.953808
-486.726491,-367.5638,4.937071,4.937071
-481.878478,-367.5229,4.928245,4.928245
-477.006507,-367.4855,4.923313,4.923313
-472.134531,-367.45,4.91663,4.91663
-467.262548,-367.4165,4.907831,4.907831
-462.390565,-367.3831,4.899031,4.899031
-457.527984,-367.3533,4.893819,4.893819
-452.655952,-367.3245,4.889715,4.889715
-447.784222,-367.2764,4.904991,4.904991
-442.91265,-367.218,4.930507,4.930507
-438.028158,-367.1589,4.955381,4.955381
-433.156268,-367.1316,4.93712,4.93712
-428.28435,-367.1077,4.915431,4.915431
-423.412426,-367.0741,4.903406,4.903406
-418.540497,-367.0311,4.9009,4.9009
-413.668568,-366.988,4.898393,4.898393
-408.796863,-366.9336,4.907159,4.907159
-403.925709,-366.8551,4.940115,4.940115
-399.054555,-366.7766,4.973071,4.973071
-394.183011,-366.7151,4.988981,4.988981
-389.311102,-366.6696,4.988885,4.988885
-384.360777,-366.5873,4.987342,4.987342
-379.490082,-366.4698,4.98216,4.98216
-374.619278,-366.3724,4.956788,4.956788
-369.748378,-366.2927,4.913804,4.913804
-364.877479,-366.2129,4.870819,4.870819
-360.064438,-366.1447,4.848081,4.848081
-355.192665,-366.0878,4.84083,4.84083
-350.320892,-366.0309,4.833579,4.833579
-345.449111,-365.9763,4.823971,4.823971
-340.577306,-365.9283,4.807798,4.807798
-335.708967,-365.8816,4.79282,4.79282
-330.837129,-365.8353,4.778416,4.778416
-325.965291,-365.7891,4.764013,4.764013
-321.093455,-365.7456,4.74683,4.74683
-316.266109,-365.7072,4.731993,4.731993
-311.394033,-365.6878,4.736585,4.736585
-306.521956,-365.6684,4.741177,4.741177
-301.649879,-365.6491,4.745769,4.745769
-296.777803,-365.6297,4.750361,4.750361
-291.906653,-365.5805,4.784721,4.784721
-287.025293,-365.4981,4.844759,4.844759
-282.154942,-365.4139,4.902972,4.902972
-277.283844,-365.3529,4.938027,4.938027
-272.411854,-365.3194,4.94552,4.94552
-267.539865,-365.2859,4.953012,4.953012
-262.651866,-365.247,4.955137,4.955137
-257.779911,-365.2073,4.953033,4.953033
-252.907928,-365.1725,4.946119,4.946119
-248.035946,-365.1377,4.939206,4.939206
-243.163964,-365.1028,4.932292,4.932292
-238.28006,-365.0626,4.920171,4.920171
-233.408413,-364.9991,4.930156,4.930156
-228.5368,-364.9324,4.943248,4.943248
-223.665188,-364.8657,4.95634,4.95634
-218.782788,-364.7978,4.968341,4.968341
-213.911217,-364.7258,4.976137,4.976137
-209.588622,-364.8185,4.856631,4.856631
-204.71796,-365.3294,5.26164,5.26164
-199.86226,-365.6018,5.430519,5.430519
-197.011245,-365.8485,5.815403,5.815403
-193.642687,-367.1825,6.176476,6.176476
-191.215051,-369.4998,6.391637,6.391637
-188.808792,-373.3157,6.02124,6.02124
-187.774459,-376.1023,5.792358,5.792358
-186.190152,-380.7076,5.803086,5.803086
-184.425151,-385.1098,6.05049,6.05049
-181.027655,-391.0956,6.261066,6.261066
-173.176136,-395.1568,6.20916,6.20916
-164.959046,-393.8277,6.020243,6.020243
-160.231514,-392.2127,5.753337,5.753337
-155.996449,-390.4365,5.772493,5.772493
-151.056311,-388.9242,6.240097,6.240097
-146.551566,-387.0682,6.229893,6.229893
-142.046822,-385.2123,6.219689,6.219689
-137.542077,-383.3563,6.209486,6.209486
-133.044668,-381.5065,6.198474,6.198474
-128.535504,-379.6615,6.183713,6.183713
-124.02634,-377.8164,6.168953,6.168953
-119.517175,-375.9713,6.154192,6.154192
-115.008011,-374.1262,6.139431,6.139431
-110.466977,-372.2545,6.112348,6.112348
-105.96167,-370.4009,6.075307,6.075307
-101.456199,-368.5478,6.037812,6.037812
-96.950728,-366.6947,6.000317,6.000317
-92.41271,-364.8149,5.950972,5.950972
-87.913974,-362.9467,5.896965,5.896965
-83.130266,-360.4094,5.364698,5.364698
-79.149666,-358.7819,5.299924,5.299924
-74.641988,-356.9339,5.265658,5.265658
-70.13431,-355.086,5.231392,5.231392
-65.626632,-353.238,5.197126,5.197126
-61.118954,-351.3901,5.16286,5.16286
-56.638491,-349.5485,5.145096,5.145096
-52.129983,-347.7017,5.135781,5.135781
-47.621474,-345.8549,5.126467,5.126467
-43.112966,-344.0081,5.117153,5.117153
-38.604458,-342.1613,5.107839,5.107839
-34.0943,-340.3186,5.094074,5.094074
-29.582888,-338.4791,5.076929,5.076929
-25.039865,-336.6103,5.044913,5.044913
-20.536149,-334.7529,5.008271,5.008271
-16.032432,-332.8954,4.971629,4.971629
-11.528716,-331.038,4.934987,4.934987
-6.81744,-328.9806,4.988822,4.988822
-2.416196,-326.8927,4.939985,4.939985
1.985048,-324.8047,4.891149,4.891149
6.386292,-322.7168,4.842313,4.842313
10.718375,-320.5064,4.933868,4.933868
15.20845,-317.9456,5.000664,5.000664
19.42672,-315.5092,5.051282,5.051282
23.644991,-313.0728,5.1019,5.1019
28.126228,-310.4098,5.095626,5.095626
32.207643,-307.7494,5.083113,5.083113
36.287225,-305.0859,5.074218,5.074218
40.477329,-302.3249,5.04652,5.04652
44.516415,-299.6038,4.967221,4.967221
48.555501,-296.8826,4.887921,4.887921
52.580436,-294.1403,4.834118,4.834118
56.559791,-291.3296,4.862443,4.862443
60.588824,-288.4734,4.88232,4.88232
64.549058,-285.6355,4.877323,4.877323
68.509291,-282.7975,4.872325,4.872325
72.469525,-279.9595,4.867328,4.867328
76.416278,-277.1031,4.885215,4.885215
80.360487,-274.2431,4.90742,4.90742
84.415139,-271.2158,4.861712,4.861712
88.302373,-268.2813,4.790035,4.790035
92.12487,-265.2613,4.825507,4.825507
95.944174,-262.2372,4.866264,4.866264
99.763478,-259.213,4.907022,4.907022
103.582782,-256.1889,4.947779,4.947779
107.493243,-252.9353,4.937246,4.937246
111.174411,-249.7446,4.981668,4.981668
115.087231,-246.2572,4.963929,4.963929
118.643585,-242.9354,4.827303,4.827303
122.19994,-239.6137,4.690677,4.690677
125.648071,-236.2876,4.669394,4.669394
129.147115,-232.8979,4.704533,4.704533
132.646159,-229.5081,4.739672,4.739672
136.236339,-226.0127,4.769132,4.769132
139.675561,-222.5619,4.747736,4.747736
143.114783,-219.1111,4.726341,4.726341
146.554006,-215.6603,4.704945,4.704945
149.993228,-212.2095,4.683549,4.683549
153.432333,-208.7586,4.662322,4.662322
156.870464,-205.3067,4.642486,4.642486
160.308595,-201.8548,4.622651,4.622651
163.746726,-198.4029,4.602815,4.602815
167.168867,-194.9828,4.594058,4.594058
170.608136,-191.5332,4.607622,4.607622
173.93546,-187.9853,4.76988,4.76988
177.262784,-184.4375,4.932138,4.932138
180.590108,-180.8896,5.094396,5.094396
184.012941,-177.4251,5.130109,5.130109
187.459251,-173.9812,5.134717,5.134717
190.90556,-170.5373,5.139324,5.139324
194.35187,-167.0934,5.143932,5.143932
197.789148,-163.6664,5.154164,5.154164
201.241543,-160.2287,5.167437,5.167437
204.695397,-156.7924,5.178654,5.178654
208.152463,-153.3593,5.185343,5.185343
211.60953,-149.9262,5.192032,5.192032
215.066597,-146.4932,5.198721,5.198721
218.523663,-143.0601,5.20541,5.20541
221.98073,-139.627,5.212099,5.212099
225.420825,-136.2195,5.225168,5.225168
228.887687,-132.7965,5.245899,5.245899
232.406712,-129.4333,5.187424,5.187424
235.99281,-126.1469,5.027103,5.027103
239.578907,-122.8605,4.866782,4.866782
243.070711,-119.4634,4.851527,4.851527
246.558077,-116.0611,4.843098,4.843098
250.045443,-112.6588,4.83467,4.83467
253.532809,-109.2565,4.826241,4.826241
256.926768,-105.9874,4.850279,4.850279
260.468605,-102.6441,4.922175,4.922175
264.025731,-99.3184,4.970825,4.970825
267.411232,-96.3936,4.855755,4.855755
271.195624,-93.3929,4.942059,4.942059
274.963249,-90.4669,4.980378,4.980378
278.81758,-87.7324,5.042734,5.042734
282.791358,-84.9157,5.107203,5.107203
286.866695,-82.2585,4.982648,4.982648
290.521112,-80.0664,4.981609,4.981609
294.766273,-77.6888,5.126614,5.126614
299.020604,-75.3262,5.254099,5.254099
303.355315,-73.1025,5.221167,5.221167
307.552784,-71.0199,5.129885,5.129885
311.898624,-69.0562,5.12589,5.12589
316.342323,-67.0588,5.113182,5.113182
320.798733,-65.0911,5.06825,5.06825
325.255143,-63.1234,5.023318,5.023318
329.618535,-61.2242,5.003722,5.003722
334.0972,-59.3062,5.014353,5.014353
338.575566,-57.3875,5.025732,5.025732
343.053932,-55.4688,5.037111,5.037111
347.577653,-53.5119,5.0591,5.0591
352.038934,-51.5537,5.058706,5.058706
356.500215,-49.5955,5.058312,5.058312
360.96881,-47.6545,5.039249,5.039249
365.440427,-45.7205,5.012475,5.012475
369.912043,-43.7866,4.985701,4.985701
374.352407,-41.8703,4.962612,4.962612
378.831127,-39.9524,4.953358,4.953358
383.309848,-38.0345,4.944105,4.944105
387.787043,-36.113,4.938748,4.938748
392.26277,-34.188,4.937145,4.937145
396.738497,-32.2631,4.935542,4.935542
401.267551,-30.3141,4.933261,4.933261
405.731525,-28.3627,4.902771,4.902771
410.195498,-26.4114,4.872281,4.872281
414.649017,-24.436,4.868018,4.868018
419.096802,-22.4474,4.878141,4.878141
423.48361,-20.4877,4.890379,4.890379
427.944495,-18.5301,4.934107,4.934107
432.367587,-16.5465,5.016544,5.016544
437.278953,-13.181,5.349444,5.349444
441.682945,-9.432,5.225209,5.225209
445.366752,-4.3834,5.400424,5.400424
447.537453,1.4354,5.400951,5.400951
448.084566,7.6823,5.348663,5.348663
447.087773,13.6019,5.385949,5.385949
446.159442,18.0452,5.20136,5.20136
444.517613,23.4171,5.410295,5.410295
442.767917,27.962,5.485007,5.485007
440.696866,32.7829,5.482619,5.482619
438.738664,37.2438,5.449092,5.449092
436.816439,41.6727,5.433063,5.433063
434.877346,46.1422,5.417898,5.417898
432.958029,50.5853,5.410331,5.410331
431.026193,55.058,5.41622,5.41622
429.093349,59.5303,5.423208,5.423208
427.160504,64.0026,5.430195,5.430195
425.230597,68.4799,5.429985,5.429985
423.303221,72.9546,5.427957,5.427957
421.375845,77.4293,5.425929,5.425929
419.365236,82.0017,5.429431,5.429431
417.361535,86.4424,5.400667,5.400667
414.969056,90.8921,5.025081,5.025081
412.165105,95.3603,5.445699,5.445699
408.949035,99.8241,5.627943,5.627943
405.093085,104.1479,5.54964,5.54964
400.779356,107.5285,5.483213,5.483213
395.255511,110.3107,5.564872,5.564872
390.092591,112.1364,5.582078,5.582078
384.60414,113.2495,5.564432,5.564432
378.169058,113.3048,5.555879,5.555879
373.006288,112.5694,5.359353,5.359353
367.904461,111.6257,4.970102,4.970102
363.259806,110.2334,5.014231,5.014231
358.106951,108.9147,5.513656,5.513656
353.540009,107.2192,5.469172,5.469172
348.973066,105.5237,5.424689,5.424689
344.408841,103.823,5.386088,5.386088
339.850556,102.1029,5.368413,5.368413
335.292271,100.3829,5.350737,5.350737
330.733986,98.6628,5.333061,5.333061
326.175701,96.9427,5.315385,5.315385
321.618434,95.2199,5.300597,5.300597
317.08107,93.4828,5.309864,5.309864
312.529471,91.745,5.323578,5.323578
307.977871,90.0072,5.337291,5.337291
303.426233,88.2695,5.350897,5.350897
298.874265,86.5326,5.363599,5.363599
294.322298,84.7958,5.376302,5.376302
289.77033,83.0589,5.389004,5.389004
284.740283,80.931,5.238126,5.238126
280.387861,78.9905,4.979178,4.979178
276.308634,77.3272,4.870503,4.870503
271.757027,75.5894,4.881371,4.881371
267.205419,73.8515,4.89224,4.89224
262.653812,72.1137,4.903109,4.903109
258.083066,70.3723,4.905987,4.905987
253.559218,68.5802,4.958432,4.958432
249.102722,66.645,5.168539,5.168539
244.642396,64.718,5.369688,5.369688
240.083418,63.0003,5.340114,5.340114
235.563166,61.3034,5.316319,5.316319
230.996952,59.6043,5.306737,5.306737
226.430738,57.9052,5.297156,5.297156
221.864523,56.206,5.287574,5.287574
217.300584,54.5009,5.284436,5.284436
212.707178,52.7541,5.29065,5.29065
208.156766,51.0131,5.286988,5.286988
203.606355,49.272,5.283327,5.283327
199.055944,47.5309,5.279666,5.279666
194.505533,45.7899,5.276005,5.276005
189.946231,44.0406,5.267832,5.267832
185.387355,42.3234,5.228417,5.228417
180.825954,40.6132,5.181546,5.181546
176.281463,38.9115,5.13648,5.13648
171.71672,37.2097,5.098528,5.098528
167.151978,35.5078,5.060576,5.060576
162.587235,33.8059,5.022624,5.022624
158.02477,32.098,4.991133,4.991133
153.527372,30.3686,5.033348,5.033348
148.97678,28.6304,5.086051,5.086051
144.426189,26.8922,5.138753,5.138753
140.100867,25.2421,5.201643,5.201643
135.518332,23.6125,5.367528,5.367528
130.929909,21.9959,5.519375,5.519375
126.333099,20.3975,5.651224,5.651224
121.845879,18.8419,5.791874,5.791874
117.237662,17.2916,5.973003,5.973003
112.629444,15.7413,6.154132,6.154132
108.021226,14.191,6.335261,6.335261
103.378342,12.7282,6.422604,6.422604
98.84498,11.3562,6.468289,6.468289
94.171139,9.9891,6.556992,6.556992
89.484334,8.6708,6.595132,6.595132
85.104296,7.5908,6.504212,6.504212
80.346783,6.5414,6.532286,6.532286
75.585146,5.5115,6.540427,6.540427
70.950847,4.5978,6.550432,6.550432
66.16908,3.6645,6.570533,6.570533
62.034083,2.8546,6.623443,6.623443
57.251558,2.2149,6.855495,6.855495
52.406403,1.7223,6.935781,6.935781
47.988484,1.3427,7.105821,7.105821
43.13851,1.0392,7.294966,7.294966
38.27322,0.8343,7.385333,7.385333
33.407929,0.6293,7.475701,7.475701
28.537481,0.5237,7.466505,7.466505
23.666393,0.4305,7.444979,7.444979
18.811424,0.3406,7.426392,7.426392
13.940176,0.2528,7.410177,7.410177
9.068929,0.1649,7.393962,7.393962
4.197714,0.0915,7.363257,7.363257
-0.442906,0.0338,7.325394,7.325394
